{
  "test_asymmetric_loss": 33.312723031640054,
  "mse": 40411.9609375,
  "mae": 73.78974914550781,
  "rmse": 201.02726416459038,
  "r2": 0.9765105843544006,
  "per_signal": {
    "production_unit": {
      "mse": 70213.0390625,
      "mae": 100.39387512207031,
      "rmse": 264.9774312323599,
      "r2": 0.959109365940094
    },
    "delivery_unit": {
      "mse": 16073.79296875,
      "mae": 49.91352844238281,
      "rmse": 126.7824631751174,
      "r2": 0.9905405044555664
    },
    "sales_order_unit": {
      "mse": 34949.046875,
      "mae": 71.06184387207031,
      "rmse": 186.9466417858315,
      "r2": 0.9799690246582031
    }
  }
}