{
  "test_asymmetric_loss": 7.346274153182381,
  "mse": 3.6844725608825684,
  "mae": 1.0096575021743774,
  "rmse": 1.9194979971030364,
  "r2": 0.992432177066803
}