{
  "test_asymmetric_loss": 33.82378415465355,
  "mse": 99707.75,
  "mae": 110.68582916259766,
  "rmse": 315.76534008659024,
  "r2": 0.9420450329780579,
  "per_signal": {
    "production_unit": {
      "mse": 119995.046875,
      "mae": 125.37107849121094,
      "rmse": 346.40301221987085,
      "r2": 0.9301173090934753
    },
    "delivery_unit": {
      "mse": 75095.375,
      "mae": 94.18795776367188,
      "rmse": 274.0353535586239,
      "r2": 0.9558059573173523
    },
    "sales_order_unit": {
      "mse": 104032.8125,
      "mae": 112.49848175048828,
      "rmse": 322.5411795414657,
      "r2": 0.9403738379478455
    }
  }
}